<?xml version="1.0" encoding="UTF-8"?>
<project-private xmlns="http://www.netbeans.org/ns/project-private/1">
    <editor-bookmarks xmlns="http://www.netbeans.org/ns/editor-bookmarks/2" lastBookmarkId="0"/>
    <open-files xmlns="http://www.netbeans.org/ns/projectui-open-files/2">
        <group>
            <file>file:/D:/IPAD24-DataStructures%20Projects/FinalTreePatterns/src/finaltreepatterns/TreeStringIntSetIterator.java</file>
            <file>file:/D:/IPAD24-DataStructures%20Projects/FinalTreePatterns/test/finaltreepatterns/TreeStringIntSetTest.java</file>
            <file>file:/D:/IPAD24-DataStructures%20Projects/FinalTreePatterns/src/finaltreepatterns/TreeStringIntSet.java</file>
            <file>file:/D:/IPAD24-DataStructures%20Projects/FinalTreePatterns/src/finaltreepatterns/FinalTreePatterns.java</file>
        </group>
    </open-files>
</project-private>
